source,native,name,p_value,significant,description,term_size,query_size,intersection_size,effective_domain_size,precision,recall,query,parents
REAC,REAC:R-HSA-1963642,PI3K events in ERBB2 signaling,5.170993992586869e-15,True,PI3K events in ERBB2 signaling,13,8,6,10842,0.75,0.46153846153846156,query_1,['REAC:R-HSA-1227986']
GO:BP,GO:0038127,ERBB signaling pathway,1.1819292540844233e-14,True,"""The series of molecular signals initiated by binding of a ligand to a member of the ERBB family of receptor tyrosine kinases on the surface of a cell, and ending with the regulation of a downstream cellular process, e.g. transcription."" [GOC:jc, PMID:16460914, Wikipedia:ErbB]",124,9,8,21031,0.8888888888888888,0.06451612903225806,query_1,['GO:0007169']
KEGG,KEGG:04012,ErbB signaling pathway,3.1709004443322064e-14,True,ErbB signaling pathway,84,9,8,8484,0.8888888888888888,0.09523809523809523,query_1,['KEGG:00000']
WP,WP:WP673,ErbB signaling pathway,1.274662491274662e-13,True,ErbB signaling pathway,89,9,8,8286,0.8888888888888888,0.0898876404494382,query_1,['WP:000000']
REAC,REAC:R-HSA-9664565,Signaling by ERBB2 KD Mutants,1.633121175257894e-13,True,Signaling by ERBB2 KD Mutants,21,8,6,10842,0.75,0.2857142857142857,query_1,['REAC:R-HSA-1227990']
REAC,REAC:R-HSA-1227990,Signaling by ERBB2 in Cancer,2.2451859517775212e-13,True,Signaling by ERBB2 in Cancer,22,8,6,10842,0.75,0.2727272727272727,query_1,['REAC:R-HSA-5663202']
REAC,REAC:R-HSA-1643713,Signaling by EGFR in Cancer,3.037123369155762e-13,True,Signaling by EGFR in Cancer,23,8,6,10842,0.75,0.2608695652173913,query_1,['REAC:R-HSA-5663202']
GO:BP,GO:0007173,epidermal growth factor receptor signaling pathway,2.229197436629225e-12,True,"""The series of molecular signals initiated by binding of a ligand to the tyrosine kinase receptor EGFR (ERBB1) on the surface of a cell. The pathway ends with regulation of a downstream cellular process, e.g. transcription."" [GOC:ceb]",103,9,7,21031,0.7777777777777778,0.06796116504854369,query_1,['GO:0038127']
REAC,REAC:R-HSA-5637812,Signaling by EGFRvIII in Cancer,1.3999174023650166e-11,True,Signaling by EGFRvIII in Cancer,13,8,5,10842,0.625,0.38461538461538464,query_1,['REAC:R-HSA-1643713']
REAC,REAC:R-HSA-5637810,Constitutive Signaling by EGFRvIII,1.3999174023650166e-11,True,Constitutive Signaling by EGFRvIII,13,8,5,10842,0.625,0.38461538461538464,query_1,['REAC:R-HSA-5637812']
REAC,REAC:R-HSA-9665348,Signaling by ERBB2 ECD mutants,2.1771466366180675e-11,True,Signaling by ERBB2 ECD mutants,14,8,5,10842,0.625,0.35714285714285715,query_1,['REAC:R-HSA-1227990']
REAC,REAC:R-HSA-1227986,Signaling by ERBB2,2.807872170744427e-11,True,Signaling by ERBB2,46,8,6,10842,0.75,0.13043478260869565,query_1,['REAC:R-HSA-9006934']
REAC,REAC:R-HSA-177929,Signaling by EGFR,3.6774385481735595e-11,True,Signaling by EGFR,48,8,6,10842,0.75,0.125,query_1,['REAC:R-HSA-9006934']
REAC,REAC:R-HSA-180292,GAB1 signalosome,4.7479452292905405e-11,True,GAB1 signalosome,16,8,5,10842,0.625,0.3125,query_1,['REAC:R-HSA-177929']
REAC,REAC:R-HSA-5637815,Signaling by Ligand-Responsive EGFR Variants in Cancer,6.724702815429857e-11,True,Signaling by Ligand-Responsive EGFR Variants in Cancer,17,8,5,10842,0.625,0.29411764705882354,query_1,['REAC:R-HSA-1643713']
REAC,REAC:R-HSA-1236382,Constitutive Signaling by Ligand-Responsive EGFR Cancer Variants,6.724702815429857e-11,True,Constitutive Signaling by Ligand-Responsive EGFR Cancer Variants,17,8,5,10842,0.625,0.29411764705882354,query_1,['REAC:R-HSA-5637815']
GO:BP,GO:0038128,ERBB2 signaling pathway,1.401872104401464e-10,True,"""The series of molecular signals initiated by binding of a ligand to the tyrosine kinase receptor ERBB2 on the surface of a cell. The pathway ends with regulation of a downstream cellular process, e.g. transcription. ERBB2 receptors are themselves unable to bind to ligands, but act as a signal-amplifying tyrosine kinase within a heterodimeric pair."" [GOC:jc, PMID:16460914, Reactome:R-HSA-1227986]",23,9,5,21031,0.5555555555555556,0.21739130434782608,query_1,['GO:0038127']
REAC,REAC:R-HSA-2219530,Constitutive Signaling by Aberrant PI3K in Cancer,2.468589402184734e-10,True,Constitutive Signaling by Aberrant PI3K in Cancer,65,8,6,10842,0.75,0.09230769230769231,query_1,['REAC:R-HSA-2219528']
GO:BP,GO:0038134,ERBB2-EGFR signaling pathway,1.2289970939437205e-09,True,"""The series of molecular signals initiated by binding of a ligand to an epidermal growth factor receptor (EGFR/ERBB1) on the surface of a cell, followed by transmission of the signal by a heterodimeric complex of ERBB2 and EGFR. ERBB2, which does not bind any known ligand, is activated through formation of a heterodimer with another ligand-activated ERBB family member such as EGFR."" [GOC:signaling, PMID:16460914, Reactome:R-HSA-1963589]",8,9,4,21031,0.4444444444444444,0.5,query_1,"['GO:0007173', 'GO:0038128']"
REAC,REAC:R-HSA-6811558,"PI5P, PP2A and IER3 Regulate PI3K/AKT Signaling",2.12197487076681e-09,True,"PI5P, PP2A and IER3 Regulate PI3K/AKT Signaling",92,8,6,10842,0.75,0.06521739130434782,query_1,['REAC:R-HSA-199418']
REAC,REAC:R-HSA-2219528,PI3K/AKT Signaling in Cancer,2.12197487076681e-09,True,PI3K/AKT Signaling in Cancer,92,8,6,10842,0.75,0.06521739130434782,query_1,['REAC:R-HSA-5663202']
KEGG,KEGG:01521,EGFR tyrosine kinase inhibitor resistance,2.3874791470436204e-09,True,EGFR tyrosine kinase inhibitor resistance,79,9,6,8484,0.6666666666666666,0.0759493670886076,query_1,['KEGG:00000']
REAC,REAC:R-HSA-199418,Negative regulation of the PI3K/AKT network,3.3307953511794424e-09,True,Negative regulation of the PI3K/AKT network,99,8,6,10842,0.75,0.06060606060606061,query_1,['REAC:R-HSA-1257604']
GO:BP,GO:0007169,transmembrane receptor protein tyrosine kinase signaling pathway,5.163838005105122e-09,True,"""The series of molecular signals initiated by an extracellular ligand binding to a receptor on the surface of the target cell where the receptor possesses tyrosine kinase activity, and ending with the regulation of a downstream cellular process, e.g. transcription."" [GOC:ceb, GOC:signaling]",616,9,8,21031,0.8888888888888888,0.012987012987012988,query_1,['GO:0007167']
WP,WP:WP2261,Glioblastoma signaling pathways,7.1131915392348345e-09,True,Glioblastoma signaling pathways,82,9,6,8286,0.6666666666666666,0.07317073170731707,query_1,['WP:000000']
WP,WP:WP4806,EGFR tyrosine kinase inhibitor resistance,8.252104162025348e-09,True,EGFR tyrosine kinase inhibitor resistance,84,9,6,8286,0.6666666666666666,0.07142857142857142,query_1,['WP:000000']
REAC,REAC:R-HSA-8847993,ERBB2 Activates PTK6 Signaling,9.723684353062988e-09,True,ERBB2 Activates PTK6 Signaling,11,8,4,10842,0.5,0.36363636363636365,query_1,"['REAC:R-HSA-1227986', 'REAC:R-HSA-8848021']"
REAC,REAC:R-HSA-6785631,ERBB2 Regulates Cell Motility,2.105553761833932e-08,True,ERBB2 Regulates Cell Motility,13,8,4,10842,0.5,0.3076923076923077,query_1,['REAC:R-HSA-1227986']
REAC,REAC:R-HSA-1963640,GRB2 events in ERBB2 signaling,2.105553761833932e-08,True,GRB2 events in ERBB2 signaling,13,8,4,10842,0.5,0.3076923076923077,query_1,['REAC:R-HSA-1227986']
REAC,REAC:R-HSA-8848021,Signaling by PTK6,2.532812637783488e-08,True,Signaling by PTK6,51,8,5,10842,0.625,0.09803921568627451,query_1,['REAC:R-HSA-9006927']
REAC,REAC:R-HSA-9006927,Signaling by Non-Receptor Tyrosine Kinases,2.532812637783488e-08,True,Signaling by Non-Receptor Tyrosine Kinases,51,8,5,10842,0.625,0.09803921568627451,query_1,['REAC:R-HSA-162582']
KEGG,KEGG:05213,Endometrial cancer,8.35377893803257e-08,True,Endometrial cancer,58,9,5,8484,0.5555555555555556,0.08620689655172414,query_1,['KEGG:00000']
REAC,REAC:R-HSA-1250196,SHC1 events in ERBB2 signaling,8.997876452389135e-08,True,SHC1 events in ERBB2 signaling,18,8,4,10842,0.5,0.2222222222222222,query_1,['REAC:R-HSA-1227986']
REAC,REAC:R-HSA-9665686,Signaling by ERBB2 TMD/JMD mutants,8.997876452389135e-08,True,Signaling by ERBB2 TMD/JMD mutants,18,8,4,10842,0.5,0.2222222222222222,query_1,['REAC:R-HSA-1227990']
GO:MF,GO:0030296,protein tyrosine kinase activator activity,1.0522143048402011e-07,True,"""Increases the activity of a protein tyrosine kinase, an enzyme which phosphorylates a tyrosyl phenolic group on a protein."" [GOC:ai, ISBN:0198506732]",32,9,4,20212,0.4444444444444444,0.125,query_1,['GO:0030295']
KEGG,KEGG:05226,Gastric cancer,1.1077288478655945e-07,True,Gastric cancer,148,9,6,8484,0.6666666666666666,0.04054054054054054,query_1,['KEGG:00000']
GO:MF,GO:0030295,protein kinase activator activity,1.5426370815360962e-07,True,"""Binds to and increases the activity of a protein kinase, an enzyme which phosphorylates a protein."" [GOC:ai]",123,9,5,20212,0.5555555555555556,0.04065040650406504,query_1,"['GO:0019209', 'GO:0019887']"
GO:BP,GO:0007167,enzyme-linked receptor protein signaling pathway,1.906715171237517e-07,True,"""The series of molecular signals initiated by an extracellular ligand binding to a receptor on the surface of the target cell, where the receptor possesses catalytic activity or is closely associated with an enzyme such as a protein kinase, and ending with the regulation of a downstream cellular process, e.g. transcription."" [GOC:mah, GOC:signaling, ISBN:0815316194]",967,9,8,21031,0.8888888888888888,0.008273009307135471,query_1,['GO:0007166']
GO:MF,GO:0019209,kinase activator activity,2.2050868842284966e-07,True,"""Binds to and increases the activity of a kinase, an enzyme which catalyzes of the transfer of a phosphate group, usually from ATP, to a substrate molecule."" [GOC:ai]",132,9,5,20212,0.5555555555555556,0.03787878787878788,query_1,"['GO:0008047', 'GO:0019207']"
REAC,REAC:R-HSA-5663202,Diseases of signal transduction by growth factor receptors and second messengers,2.2264459663945938e-07,True,Diseases of signal transduction by growth factor receptors and second messengers,417,8,7,10842,0.875,0.016786570743405275,query_1,['REAC:R-HSA-1643685']
REAC,REAC:R-HSA-1251932,PLCG1 events in ERBB2 signaling,2.5594328691197286e-07,True,PLCG1 events in ERBB2 signaling,4,8,3,10842,0.375,0.75,query_1,['REAC:R-HSA-1227986']
WP,WP:WP4155,Endometrial cancer,2.9568202712018207e-07,True,Endometrial cancer,63,9,5,8286,0.5555555555555556,0.07936507936507936,query_1,['WP:000000']
REAC,REAC:R-HSA-8863795,Downregulation of ERBB2 signaling,5.146833847091994e-07,True,Downregulation of ERBB2 signaling,27,8,4,10842,0.5,0.14814814814814814,query_1,['REAC:R-HSA-1227986']
GO:BP,GO:0043491,phosphatidylinositol 3-kinase/protein kinase B signal transduction,6.403946948281475e-07,True,"""An intracellular signaling cassette that starts with phosphatidylinositol 3-kinase (PI3K) activation, production of phosphatidylinositol 3-phosphate (PI3P), activation of PDK1, which recruits and ending with the activation of protein kinase B (PKB, also known as Akt). PI3K is activated by cell surface receptors. Note that PTEN is an inhibitor of the pathway."" [PMID:20517722, PMID:22952397]",293,9,6,21031,0.6666666666666666,0.020477815699658702,query_1,['GO:0141124']
KEGG,KEGG:05205,Proteoglycans in cancer,7.911474257005815e-07,True,Proteoglycans in cancer,205,9,6,8484,0.6666666666666666,0.02926829268292683,query_1,['KEGG:00000']
REAC,REAC:R-HSA-182971,EGFR downregulation,8.029851134864353e-07,True,EGFR downregulation,30,8,4,10842,0.5,0.13333333333333333,query_1,['REAC:R-HSA-177929']
REAC,REAC:R-HSA-9006934,Signaling by Receptor Tyrosine Kinases,8.518111184335941e-07,True,Signaling by Receptor Tyrosine Kinases,505,8,7,10842,0.875,0.013861386138613862,query_1,['REAC:R-HSA-162582']
REAC,REAC:R-HSA-1257604,PIP3 activates AKT signaling,9.716325026997092e-07,True,PIP3 activates AKT signaling,252,8,6,10842,0.75,0.023809523809523808,query_1,['REAC:R-HSA-9006925']
REAC,REAC:R-HSA-9006925,Intracellular signaling by second messengers,2.3560238423938596e-06,True,Intracellular signaling by second messengers,292,8,6,10842,0.75,0.02054794520547945,query_1,['REAC:R-HSA-162582']
KEGG,KEGG:05219,Bladder cancer,3.141978520810218e-06,True,Bladder cancer,41,9,4,8484,0.4444444444444444,0.0975609756097561,query_1,['KEGG:00000']
GO:MF,GO:0019887,protein kinase regulator activity,3.3717531680694186e-06,True,"""Modulates the activity of a protein kinase, an enzyme which phosphorylates a protein."" [GOC:ai]",227,9,5,20212,0.5555555555555556,0.022026431718061675,query_1,['GO:0019207']
REAC,REAC:R-HSA-5638303,Inhibition of Signaling by Overexpressed EGFR,3.57824919291991e-06,True,Inhibition of Signaling by Overexpressed EGFR,8,8,3,10842,0.375,0.375,query_1,['REAC:R-HSA-5638302']
REAC,REAC:R-HSA-5638302,Signaling by Overexpressed Wild-Type EGFR in Cancer,3.57824919291991e-06,True,Signaling by Overexpressed Wild-Type EGFR in Cancer,8,8,3,10842,0.375,0.375,query_1,['REAC:R-HSA-1643713']
REAC,REAC:R-HSA-212718,EGFR interacts with phospholipase C-gamma,5.3655163525680505e-06,True,EGFR interacts with phospholipase C-gamma,9,8,3,10842,0.375,0.3333333333333333,query_1,['REAC:R-HSA-177929']
GO:BP,GO:0051897,positive regulation of phosphatidylinositol 3-kinase/protein kinase B signal transduction,5.882652294993882e-06,True,"""Any process that activates or increases the frequency, rate or extent of phosphatidylinositol 3-kinase/protein kinase B signal transduction."" [GOC:ai]",179,9,5,21031,0.5555555555555556,0.027932960893854747,query_1,"['GO:0043491', 'GO:0051896', 'GO:1902533']"
WP,WP:WP2828,Bladder cancer,6.406327850213458e-06,True,Bladder cancer,40,9,4,8286,0.4444444444444444,0.1,query_1,['WP:000000']
GO:MF,GO:0019207,kinase regulator activity,7.4499736193110745e-06,True,"""Modulates the activity of a kinase, an enzyme which catalyzes of the transfer of a phosphate group, usually from ATP, to a substrate molecule."" [GOC:ai]",266,9,5,20212,0.5555555555555556,0.018796992481203006,query_1,['GO:0030234']
GO:MF,GO:0030297,transmembrane receptor protein tyrosine kinase activator activity,8.059824399452126e-06,True,"""Binds to and increases the activity of a transmembrane receptor protein tyrosine kinase."" [GOC:mah]",18,9,3,20212,0.3333333333333333,0.16666666666666666,query_1,"['GO:0030296', 'GO:0030546']"
REAC,REAC:R-HSA-1236394,Signaling by ERBB4,9.200770172767165e-06,True,Signaling by ERBB4,54,8,4,10842,0.5,0.07407407407407407,query_1,['REAC:R-HSA-9006934']
REAC,REAC:R-HSA-179812,GRB2 events in EGFR signaling,1.0532113280494275e-05,True,GRB2 events in EGFR signaling,11,8,3,10842,0.375,0.2727272727272727,query_1,['REAC:R-HSA-177929']
REAC,REAC:R-HSA-180336,SHC1 events in EGFR signaling,1.4037957301293323e-05,True,SHC1 events in EGFR signaling,12,8,3,10842,0.375,0.25,query_1,['REAC:R-HSA-177929']
GO:CC,GO:0038143,ERBB3:ERBB2 complex,1.8071548214440525e-05,True,"""A heterodimeric complex between the tyrosine kinase receptor ERBB2 and a ligand-activated receptor ERBB3. ERBB2, which does not bind any known ligand, is activated through formation of a heterodimer with another ligand-activated ERBB family member such as ERBB3."" [GOC:signaling, PMID:16460914, PMID:8665853, Reactome:R-HSA-1247502, Reactome:R-HSA-1963573, Reactome:R-HSA-1963589]",2,9,2,22097,0.2222222222222222,1.0,query_1,['GO:0098802']
KEGG,KEGG:04151,PI3K-Akt signaling pathway,2.1363406479498147e-05,True,PI3K-Akt signaling pathway,356,9,6,8484,0.6666666666666666,0.016853932584269662,query_1,['KEGG:00000']
GO:BP,GO:0051896,regulation of phosphatidylinositol 3-kinase/protein kinase B signal transduction,2.957009842246017e-05,True,"""Any process that modulates the frequency, rate or extent of phosphatidylinositol 3-kinase/protein kinase B signal transduction."" [GOC:ai]",247,9,5,21031,0.5555555555555556,0.020242914979757085,query_1,"['GO:0043491', 'GO:1902531']"
WP,WP:WP437,EGF EGFR signaling pathway,3.1154485299816534e-05,True,EGF EGFR signaling pathway,158,9,5,8286,0.5555555555555556,0.03164556962025317,query_1,['WP:000000']
KEGG,KEGG:05218,Melanoma,3.145365116766828e-05,True,Melanoma,72,9,4,8484,0.4444444444444444,0.05555555555555555,query_1,['KEGG:00000']
KEGG,KEGG:05223,Non-small cell lung cancer,3.145365116766828e-05,True,Non-small cell lung cancer,72,9,4,8484,0.4444444444444444,0.05555555555555555,query_1,['KEGG:00000']
REAC,REAC:R-HSA-9009391,Extra-nuclear estrogen signaling,3.1488122056346645e-05,True,Extra-nuclear estrogen signaling,73,8,4,10842,0.5,0.0547945205479452,query_1,['REAC:R-HSA-8939211']
KEGG,KEGG:05212,Pancreatic cancer,3.915059930680357e-05,True,Pancreatic cancer,76,9,4,8484,0.4444444444444444,0.05263157894736842,query_1,['KEGG:00000']
KEGG,KEGG:05100,Bacterial invasion of epithelial cells,4.127624781577102e-05,True,Bacterial invasion of epithelial cells,77,9,4,8484,0.4444444444444444,0.05194805194805195,query_1,['KEGG:00000']
GO:BP,GO:0072359,circulatory system development,4.7221165218464846e-05,True,"""The process whose specific outcome is the progression of the circulatory system over time, from its formation to the mature structure. The circulatory system is the organ system that passes nutrients (such as amino acids and electrolytes), gases, hormones, blood cells, etc. to and from cells in the body to help fight diseases and help stabilize body temperature and pH to maintain homeostasis."" [GOC:mah, UBERON:0001009]",1130,9,7,21031,0.7777777777777778,0.006194690265486726,query_1,['GO:0048731']
KEGG,KEGG:05210,Colorectal cancer,6.449444659501705e-05,True,Colorectal cancer,86,9,4,8484,0.4444444444444444,0.046511627906976744,query_1,['KEGG:00000']
WP,WP:WP4255,Non small cell lung cancer,7.100608625487e-05,True,Non small cell lung cancer,72,9,4,8286,0.4444444444444444,0.05555555555555555,query_1,['WP:000000']
WP,WP:WP4674,Head and neck squamous cell carcinoma,7.933797190489394e-05,True,Head and neck squamous cell carcinoma,74,9,4,8286,0.4444444444444444,0.05405405405405406,query_1,['WP:000000']
HP,HP:0006774,Ovarian papillary adenocarcinoma,0.00010026836124953805,True,The presence of a papillary adenocarcinoma of the ovary.,7,8,3,4958,0.375,0.42857142857142855,query_1,['HP:0100615']
KEGG,KEGG:05215,Prostate cancer,0.00010468213226573165,True,Prostate cancer,97,9,4,8484,0.4444444444444444,0.041237113402061855,query_1,['KEGG:00000']
REAC,REAC:R-HSA-5673001,RAF/MAP kinase cascade,0.00010554119339760991,True,RAF/MAP kinase cascade,264,8,5,10842,0.625,0.01893939393939394,query_1,['REAC:R-HSA-5684996']
REAC,REAC:R-HSA-5684996,MAPK1/MAPK3 signaling,0.00011586769764791281,True,MAPK1/MAPK3 signaling,269,8,5,10842,0.625,0.01858736059479554,query_1,['REAC:R-HSA-5683057']
REAC,REAC:R-HSA-1643685,Disease,0.00011922029317639287,True,Disease,1767,8,8,10842,1.0,0.004527447651386531,query_1,['REAC:0000000']
REAC,REAC:R-HSA-9634638,Estrogen-dependent nuclear events downstream of ESR-membrane signaling,0.00012861364781344497,True,Estrogen-dependent nuclear events downstream of ESR-membrane signaling,24,8,3,10842,0.375,0.125,query_1,['REAC:R-HSA-9009391']
REAC,REAC:R-HSA-8856825,Cargo recognition for clathrin-mediated endocytosis,0.00013180436260678803,True,Cargo recognition for clathrin-mediated endocytosis,104,8,4,10842,0.5,0.038461538461538464,query_1,['REAC:R-HSA-8856828']
WP,WP:WP4263,Pancreatic adenocarcinoma pathway,0.00015969802808502934,True,Pancreatic adenocarcinoma pathway,88,9,4,8286,0.4444444444444444,0.045454545454545456,query_1,['WP:000000']
KEGG,KEGG:04066,HIF-1 signaling pathway,0.00016712447013448638,True,HIF-1 signaling pathway,109,9,4,8484,0.4444444444444444,0.03669724770642202,query_1,['KEGG:00000']
KEGG,KEGG:05200,Pathways in cancer,0.0002159263916448412,True,Pathways in cancer,527,9,6,8484,0.6666666666666666,0.011385199240986717,query_1,['KEGG:00000']
CORUM,CORUM:2454,"CIN85-CBL-SH3GL2-EGFR complex, EGF stimulated",0.00022078737596338348,True,"CIN85-CBL-SH3GL2-EGFR complex, EGF stimulated",3,6,2,3383,0.3333333333333333,0.6666666666666666,query_1,['CORUM:0000000']
CORUM,CORUM:2542,EGFR-CBL-GRB2 complex,0.00022078737596338348,True,EGFR-CBL-GRB2 complex,3,6,2,3383,0.3333333333333333,0.6666666666666666,query_1,['CORUM:0000000']
REAC,REAC:R-HSA-5683057,MAPK family signaling cascades,0.00022700266474061088,True,MAPK family signaling cascades,308,8,5,10842,0.625,0.016233766233766232,query_1,['REAC:R-HSA-162582']
GO:MF,GO:0043125,ErbB-3 class receptor binding,0.0002859261049972155,True,"""Binding to the protein-tyrosine kinase receptor ErbB-3/HER3."" [GOC:jl]",5,9,2,20212,0.2222222222222222,0.4,query_1,['GO:0005102']
GO:BP,GO:0050793,regulation of developmental process,0.0003129539305338722,True,"""Any process that modulates the frequency, rate or extent of development, the biological process whose specific outcome is the progression of a multicellular organism over time from an initial condition (e.g. a zygote, or a young adult) to a later condition (e.g. a multicellular animal or an aged adult)."" [GOC:go_curators]",2455,9,8,21031,0.8888888888888888,0.003258655804480652,query_1,"['GO:0032502', 'GO:0050789']"
REAC,REAC:R-HSA-5654741,Signaling by FGFR3,0.00031430731497169114,True,Signaling by FGFR3,32,8,3,10842,0.375,0.09375,query_1,['REAC:R-HSA-190236']
GO:CC,GO:0030669,clathrin-coated endocytic vesicle membrane,0.0003227256702011489,True,"""The lipid bilayer surrounding a clathrin-coated endocytic vesicle."" [GOC:mah]",71,9,3,22097,0.3333333333333333,0.04225352112676056,query_1,"['GO:0030665', 'GO:0030666', 'GO:0045334']"
KEGG,KEGG:04010,MAPK signaling pathway,0.00032946682169819315,True,MAPK signaling pathway,301,9,5,8484,0.5555555555555556,0.016611295681063124,query_1,['KEGG:00000']
HP,HP:0100621,Dysgerminoma,0.0003429968732410846,True,"The presence of a dysgerminoma, i.e., an undifferentiated germ cell tumor of the ovary.",10,8,3,4958,0.375,0.3,query_1,"['HP:0100615', 'HP:0100620']"
GO:BP,GO:0048731,system development,0.0003456611639994487,True,"""The process whose specific outcome is the progression of an organismal system over time, from its formation to the mature structure. A system is a regularly interacting or interdependent group of organs or tissues that work together to carry out a given biological process."" [GOC:dph, GOC:jid]",3973,9,9,21031,1.0,0.0022652907123080794,query_1,"['GO:0007275', 'GO:0048856']"
GO:MF,GO:0008047,enzyme activator activity,0.00037091984573266065,True,"""Binds to and increases the activity of an enzyme."" [GOC:dph, GOC:mah, GOC:tb]",585,9,5,20212,0.5555555555555556,0.008547008547008548,query_1,"['GO:0030234', 'GO:0140677']"
GO:MF,GO:0004714,transmembrane receptor protein tyrosine kinase activity,0.00038832023494748204,True,"""Combining with a signal and transmitting the signal from one side of the membrane to the other to initiate a change in cell activity by catalysis of the reaction: ATP + a protein-L-tyrosine = ADP + a protein-L-tyrosine phosphate."" [EC:2.7.10.1, GOC:mah]",63,9,3,20212,0.3333333333333333,0.047619047619047616,query_1,"['GO:0004713', 'GO:0019199']"
REAC,REAC:R-HSA-5654743,Signaling by FGFR4,0.0004143152664044587,True,Signaling by FGFR4,35,8,3,10842,0.375,0.08571428571428572,query_1,['REAC:R-HSA-190236']
GO:BP,GO:0035239,tube morphogenesis,0.00042831572192364046,True,"""The process in which the anatomical structures of a tube are generated and organized. Epithelial and endothelial tubes transport gases, liquids and cells from one site to another and form the basic structure of many organs and tissues, with tube shape and organization varying from the single-celled excretory organ in Caenorhabditis elegans to the branching trees of the mammalian kidney and insect tracheal system."" [GOC:bf, PMID:14624839]",872,9,6,21031,0.6666666666666666,0.006880733944954129,query_1,"['GO:0009653', 'GO:0035295']"
CORUM,CORUM:1185,EGFR-containing signaling complex,0.0004412264296343259,True,EGFR-containing signaling complex,4,6,2,3383,0.3333333333333333,0.5,query_1,['CORUM:0000000']
REAC,REAC:R-HSA-8856828,Clathrin-mediated endocytosis,0.00048660203442301884,True,Clathrin-mediated endocytosis,144,8,4,10842,0.5,0.027777777777777776,query_1,['REAC:R-HSA-199991']
GO:CC,GO:0098797,plasma membrane protein complex,0.0004948392869458493,True,"""Any protein complex that is part of the plasma membrane."" [GOC:dos]",718,9,5,22097,0.5555555555555556,0.006963788300835654,query_1,"['GO:0005886', 'GO:0098796']"
WP,WP:WP2817,Mammary gland development pathway Pregnancy and lactation Stage 3 of 4 ,0.000528565016546747,True,Mammary gland development pathway Pregnancy and lactation Stage 3 of 4 ,33,9,3,8286,0.3333333333333333,0.09090909090909091,query_1,['WP:000000']
KEGG,KEGG:05224,Breast cancer,0.0005508563939196378,True,Breast cancer,147,9,4,8484,0.4444444444444444,0.027210884353741496,query_1,['KEGG:00000']
KEGG,KEGG:04072,Phospholipase D signaling pathway,0.0005508563939196378,True,Phospholipase D signaling pathway,147,9,4,8484,0.4444444444444444,0.027210884353741496,query_1,['KEGG:00000']
GO:CC,GO:0048471,perinuclear region of cytoplasm,0.0005586888090626358,True,"""Cytoplasm situated near, or occurring around, the nucleus."" [GOC:jid]",736,9,5,22097,0.5555555555555556,0.006793478260869565,query_1,"['GO:0005737', 'GO:0110165']"
GO:CC,GO:0098796,membrane protein complex,0.0005603276244680393,True,"""Any protein complex that is part of a membrane."" [GOC:dos]",1401,9,6,22097,0.6666666666666666,0.004282655246252677,query_1,"['GO:0016020', 'GO:0032991']"
GO:CC,GO:0045334,clathrin-coated endocytic vesicle,0.0006174786337144689,True,"""A clathrin-coated, membrane-bounded intracellular vesicle formed by invagination of the plasma membrane around an extracellular substance."" [GOC:go_curators]",88,9,3,22097,0.3333333333333333,0.03409090909090909,query_1,"['GO:0030136', 'GO:0030139']"
REAC,REAC:R-HSA-5654736,Signaling by FGFR1,0.0006243462859378493,True,Signaling by FGFR1,40,8,3,10842,0.375,0.075,query_1,['REAC:R-HSA-190236']
GO:CC,GO:0016600,flotillin complex,0.0006496144703197372,True,"""A protein complex that contains flotillin-1 and flotillin-2, and may contain associated proteins. Flotillins associate into membrane microdomains resembling caveolae."" [PMID:17206938, PMID:17600709]",9,9,2,22097,0.2222222222222222,0.2222222222222222,query_1,"['GO:0005901', 'GO:0098797']"
GO:BP,GO:0009719,response to endogenous stimulus,0.000720714055369206,True,"""Any process that results in a change in state or activity of a cell or an organism (in terms of movement, secretion, enzyme production, gene expression, etc.) as a result of a stimulus arising within the organism."" [GOC:sm]",1678,9,7,21031,0.7777777777777778,0.004171632896305125,query_1,['GO:0050896']
GO:BP,GO:0008284,positive regulation of cell population proliferation,0.0007646462609176151,True,"""Any process that activates or increases the rate or extent of cell proliferation."" [GOC:go_curators]",962,9,6,21031,0.6666666666666666,0.006237006237006237,query_1,"['GO:0008283', 'GO:0042127', 'GO:0048522']"
GO:MF,GO:0019199,transmembrane receptor protein kinase activity,0.0008623350893232471,True,"""Combining with a signal and transmitting the signal from one side of the membrane to the other to initiate a change in cell activity by catalysis of the reaction: a protein + ATP = a phosphoprotein + ADP."" [GOC:mah]",82,9,3,20212,0.3333333333333333,0.036585365853658534,query_1,"['GO:0004672', 'GO:0004888']"
GO:BP,GO:0007166,cell surface receptor signaling pathway,0.0008802337561702159,True,"""The series of molecular signals initiated by activation of a receptor on the surface of a cell. The pathway begins with binding of an extracellular ligand to a cell surface receptor, or for receptors that signal in the absence of a ligand, by ligand-withdrawal or the activity of a constitutively active receptor. The pathway ends with regulation of a downstream cellular process, e.g. transcription."" [GOC:bf, GOC:mah, GOC:pr, GOC:signaling]",2799,9,8,21031,0.8888888888888888,0.0028581636298678098,query_1,['GO:0007165']
GO:BP,GO:1903829,positive regulation of protein localization,0.0008916487733456018,True,"""Any process that activates or increases the frequency, rate or extent of a protein localization."" [GO_REF:0000058, GOC:TermGenie, GOC:vw]",490,9,5,21031,0.5555555555555556,0.01020408163265306,query_1,"['GO:0008104', 'GO:0032880', 'GO:0048522']"
HP,HP:0100620,Germinoma,0.0010372748402559678,True,A type of undifferentiated germ cell tumor that may be benign or malignant.,14,8,3,4958,0.375,0.21428571428571427,query_1,['HP:0100728']
REAC,REAC:R-HSA-8851907,MET activates PI3K/AKT signaling,0.0011551308827748076,True,MET activates PI3K/AKT signaling,5,8,2,10842,0.25,0.4,query_1,['REAC:R-HSA-6806834']
GO:BP,GO:1902533,positive regulation of intracellular signal transduction,0.0011629370163155912,True,"""Any process that activates or increases the frequency, rate or extent of intracellular signal transduction."" [GOC:BHF, GOC:dph, GOC:signaling, GOC:tb, GOC:TermGenie]",1033,9,6,21031,0.6666666666666666,0.005808325266214908,query_1,"['GO:0009967', 'GO:0035556', 'GO:1902531']"
GO:BP,GO:0051239,regulation of multicellular organismal process,0.0013489765570981326,True,"""Any process that modulates the frequency, rate or extent of a multicellular organismal process, the processes pertinent to the function of a multicellular organism above the cellular level; includes the integrated processes of tissues and organs."" [GOC:ai, GOC:dph, GOC:tb]",2955,9,8,21031,0.8888888888888888,0.0027072758037225042,query_1,"['GO:0032501', 'GO:0050789']"
GO:BP,GO:0007275,multicellular organism development,0.0014071496021804532,True,"""The biological process whose specific outcome is the progression of a multicellular organism over time from an initial condition (e.g. a zygote or a young adult) to a later condition (e.g. a multicellular animal or an aged adult)."" [GOC:dph, GOC:ems, GOC:isa_complete, GOC:tb]",4643,9,9,21031,1.0,0.0019384018953262977,query_1,"['GO:0032501', 'GO:0048856']"
GO:BP,GO:0001525,angiogenesis,0.0014143381136802985,True,"""Blood vessel formation when new vessels emerge from the proliferation of pre-existing blood vessels."" [ISBN:0878932453]",538,9,5,21031,0.5555555555555556,0.00929368029739777,query_1,"['GO:0048514', 'GO:0048646']"
WP,WP:WP4262,Breast cancer pathway,0.001494291083822843,True,Breast cancer pathway,154,9,4,8286,0.4444444444444444,0.025974025974025976,query_1,['WP:000000']
GO:CC,GO:0070161,anchoring junction,0.0015336830759854986,True,"""A cell junction that mechanically attaches a cell (and its cytoskeleton) to neighboring cells or to the extracellular matrix."" [ISBN:0815332181]",905,9,5,22097,0.5555555555555556,0.0055248618784530384,query_1,['GO:0030054']
GO:BP,GO:0035295,tube development,0.0016033416655908271,True,"""The process whose specific outcome is the progression of a tube over time, from its initial formation to a mature structure. Epithelial and endothelial tubes transport gases, liquids and cells from one site to another and form the basic structure of many organs and tissues including lung and trachea, kidney, the mammary gland, the vascular system and the gastrointestinal and urinary-genital tracts."" [PMID:12526790]",1091,9,6,21031,0.6666666666666666,0.005499541704857928,query_1,"['GO:0007275', 'GO:0048856']"
GO:BP,GO:0048513,animal organ development,0.0016816609831757999,True,"""Development of a tissue or tissues that work together to perform a specific function or functions. Development pertains to the process whose specific outcome is the progression of a structure over time, from its formation to the mature structure. Organs are commonly observed as visibly distinct structures, but may also exist as loosely associated clusters of cells that work together to perform a specific function or functions."" [GOC:dph, GOC:jid]",3039,9,8,21031,0.8888888888888888,0.0026324448831852583,query_1,['GO:0048856']
REAC,REAC:R-HSA-9028335,Activated NTRK2 signals through PI3K,0.0017320569086491993,True,Activated NTRK2 signals through PI3K,6,8,2,10842,0.25,0.3333333333333333,query_1,['REAC:R-HSA-9006115']
GO:BP,GO:0038135,ERBB2-ERBB4 signaling pathway,0.0018486788108288059,True,"""The series of molecular signals initiated by binding of a ligand to a ERBB4 receptor on the surface of a cell, followed by transmission of the signal by a heterodimeric complex of ERBB2 and ERBB4. ERBB2, which does not bind any known ligand, is activated through formation of a heterodimer with another ligand-activated ERBB family member such as ERBB4."" [GOC:signaling, PMID:16460914, Reactome:R-HSA-1963589]",5,9,2,21031,0.2222222222222222,0.4,query_1,"['GO:0038128', 'GO:0038130']"
GO:MF,GO:0005102,signaling receptor binding,0.0018623541110276804,True,"""Binding to one or more specific sites on a receptor molecule, a macromolecule that undergoes combination with a hormone, neurotransmitter, drug or intracellular messenger to initiate a change in cell function."" [GOC:bf, GOC:ceb, ISBN:0198506732]",1501,9,6,20212,0.6666666666666666,0.003997335109926716,query_1,['GO:0005515']
KEGG,KEGG:04510,Focal adhesion,0.0019348466664288098,True,Focal adhesion,202,9,4,8484,0.4444444444444444,0.019801980198019802,query_1,['KEGG:00000']
GO:CC,GO:0031252,cell leading edge,0.0019659875532202263,True,"""The area of a motile cell closest to the direction of movement."" [GOC:pg]",427,9,4,22097,0.4444444444444444,0.00936768149882904,query_1,['GO:0110165']
GO:CC,GO:0030665,clathrin-coated vesicle membrane,0.0021856101199080663,True,"""The lipid bilayer surrounding a clathrin-coated vesicle."" [GOC:mah]",134,9,3,22097,0.3333333333333333,0.022388059701492536,query_1,"['GO:0030136', 'GO:0030662']"
REAC,REAC:R-HSA-162582,Signal Transduction,0.002218548393064217,True,Signal Transduction,2545,8,8,10842,1.0,0.003143418467583497,query_1,['REAC:0000000']
KEGG,KEGG:04015,Rap1 signaling pathway,0.002253978923787456,True,Rap1 signaling pathway,210,9,4,8484,0.4444444444444444,0.01904761904761905,query_1,['KEGG:00000']
HP,HP:0034335,Inheritance qualifier,0.0022844168105539972,True,The terms in this hierarchy can be used to specificy the context in which inheritance of a disease is typically observed.,333,8,6,4958,0.75,0.018018018018018018,query_1,['HP:0000005']
HP,HP:0006519,Alveolar cell carcinoma,0.002318278353918618,True,Adenocarcinoma of the Bronchus.,18,8,3,4958,0.375,0.16666666666666666,query_1,['HP:0100552']
KEGG,KEGG:05230,Central carbon metabolism in cancer,0.002357446810357716,True,Central carbon metabolism in cancer,70,9,3,8484,0.3333333333333333,0.04285714285714286,query_1,['KEGG:00000']
REAC,REAC:R-HSA-8939211,ESR-mediated signaling,0.0024451982573708347,True,ESR-mediated signaling,216,8,4,10842,0.5,0.018518518518518517,query_1,['REAC:R-HSA-9006931']
GO:BP,GO:0032879,regulation of localization,0.002548548638386947,True,"""Any process that modulates the frequency, rate or extent of any process in which a cell, a substance, or a cellular entity is transported to, or maintained in, a specific location."" [GOC:mah]",2018,9,7,21031,0.7777777777777778,0.003468780971258672,query_1,"['GO:0050789', 'GO:0051179']"
REAC,REAC:R-HSA-5654738,Signaling by FGFR2,0.002611042539591594,True,Signaling by FGFR2,64,8,3,10842,0.375,0.046875,query_1,['REAC:R-HSA-190236']
HP,HP:0001442,Typified by somatic mosaicism,0.002770993134124059,True,"Description of conditions in which affected individuals typically display somatic mosaicism, i.e., genetically distinct populations of somatic cells in a given organism caused by DNA mutations, epigenetic alterations of DNA, chromosomal abnormalities or the spontaneous reversion of inherited mutations. In many conditions typified by somatic mosaicism, constitutive mutation is lethal and cases are exclusively or predominantly mosaic.",175,8,5,4958,0.625,0.02857142857142857,query_1,['HP:0034335']
KEGG,KEGG:05214,Glioma,0.002900310784456189,True,Glioma,75,9,3,8484,0.3333333333333333,0.04,query_1,['KEGG:00000']
WP,WP:WP4205,MET in type 1 papillary renal cell carcinoma,0.0029488218140571016,True,MET in type 1 papillary renal cell carcinoma,58,9,3,8286,0.3333333333333333,0.05172413793103448,query_1,['WP:000000']
GO:BP,GO:0048514,blood vessel morphogenesis,0.002958378207488953,True,"""The process in which the anatomical structures of blood vessels are generated and organized. The blood vessel is the vasculature carrying blood."" [GOC:jid]",625,9,5,21031,0.5555555555555556,0.008,query_1,"['GO:0001568', 'GO:0035239']"
GO:MF,GO:1990782,protein tyrosine kinase binding,0.00306446681157505,True,"""Binding to protein tyrosine kinase."" [PMID:25499537]",125,9,3,20212,0.3333333333333333,0.024,query_1,['GO:0019901']
KEGG,KEGG:04014,Ras signaling pathway,0.003503215481853689,True,Ras signaling pathway,235,9,4,8484,0.4444444444444444,0.01702127659574468,query_1,['KEGG:00000']
GO:MF,GO:0019838,growth factor binding,0.003773769104852925,True,"""Binding to a growth factor, proteins or polypeptides that stimulate a cell or organism to grow or proliferate."" [GOC:curators]",134,9,3,20212,0.3333333333333333,0.022388059701492536,query_1,['GO:0005515']
GO:BP,GO:0045860,positive regulation of protein kinase activity,0.003889551185389529,True,"""Any process that activates or increases the frequency, rate or extent of protein kinase activity."" [GOC:go_curators]",275,9,4,21031,0.4444444444444444,0.014545454545454545,query_1,"['GO:0001934', 'GO:0033674', 'GO:0045859']"
WP,WP:WP306,Focal adhesion,0.004031481396020021,True,Focal adhesion,198,9,4,8286,0.4444444444444444,0.020202020202020204,query_1,['WP:000000']
REAC,REAC:R-HSA-190236,Signaling by FGFR,0.004048377586937167,True,Signaling by FGFR,74,8,3,10842,0.375,0.04054054054054054,query_1,['REAC:R-HSA-9006934']
REAC,REAC:R-HSA-5655291,Signaling by FGFR4 in disease,0.004152335974496122,True,Signaling by FGFR4 in disease,9,8,2,10842,0.25,0.2222222222222222,query_1,['REAC:R-HSA-1226099']
REAC,REAC:R-HSA-1250342,PI3K events in ERBB4 signaling,0.004152335974496122,True,PI3K events in ERBB4 signaling,9,8,2,10842,0.25,0.2222222222222222,query_1,['REAC:R-HSA-1236394']
WP,WP:WP3680,Physico chemical features and toxicity associated pathways,0.004354118018463043,True,Physico chemical features and toxicity associated pathways,66,9,3,8286,0.3333333333333333,0.045454545454545456,query_1,['WP:000000']
HP,HP:0030078,Lung adenocarcinoma,0.004361928265599346,True,Lung adenocarcinoma,22,8,3,4958,0.375,0.13636363636363635,query_1,['HP:0030358']
HP,HP:0100552,Neoplasm of the tracheobronchial system,0.004361928265599346,True,Neoplasm of the tracheobronchial system,22,8,3,4958,0.375,0.13636363636363635,query_1,"['HP:0005607', 'HP:0100526']"
REAC,REAC:R-HSA-6806834,Signaling by MET,0.004387315429712426,True,Signaling by MET,76,8,3,10842,0.375,0.039473684210526314,query_1,['REAC:R-HSA-9006934']
GO:BP,GO:0043406,positive regulation of MAP kinase activity,0.00443363743276411,True,"""Any process that activates or increases the frequency, rate or extent of MAP kinase activity."" [GOC:dph, GOC:go_curators]",77,9,3,21031,0.3333333333333333,0.03896103896103896,query_1,"['GO:0043405', 'GO:0043410', 'GO:0071902']"
GO:BP,GO:0071363,cellular response to growth factor stimulus,0.004508322154939557,True,"""Any process that results in a change in state or activity of a cell (in terms of movement, secretion, enzyme production, gene expression, etc.) as a result of a growth factor stimulus."" [GOC:mah]",681,9,5,21031,0.5555555555555556,0.007342143906020558,query_1,"['GO:0070848', 'GO:0071495']"
KEGG,KEGG:04020,Calcium signaling pathway,0.004531722494916724,True,Calcium signaling pathway,251,9,4,8484,0.4444444444444444,0.01593625498007968,query_1,['KEGG:00000']
WP,WP:WP3303,RAC1 PAK1 p38 MMP2 pathway,0.004763396772979986,True,RAC1 PAK1 p38 MMP2 pathway,68,9,3,8286,0.3333333333333333,0.04411764705882353,query_1,['WP:000000']
KEGG,KEGG:05235,PD-L1 expression and PD-1 checkpoint pathway in cancer,0.004841486910532068,True,PD-L1 expression and PD-1 checkpoint pathway in cancer,89,9,3,8484,0.3333333333333333,0.033707865168539325,query_1,['KEGG:00000']
GO:BP,GO:0033674,positive regulation of kinase activity,0.0049344556968464025,True,"""Any process that activates or increases the frequency, rate or extent of kinase activity, the catalysis of the transfer of a phosphate group, usually from ATP, to a substrate molecule."" [GOC:mah]",292,9,4,21031,0.4444444444444444,0.0136986301369863,query_1,"['GO:0042327', 'GO:0043549', 'GO:0051347']"
HP,HP:0030358,Non-small cell lung carcinoma,0.005012413169104437,True,Non-small cell lung carcinoma,23,8,3,4958,0.375,0.13043478260869565,query_1,['HP:0100526']
GO:MF,GO:0004713,protein tyrosine kinase activity,0.0050794680053296735,True,"""Catalysis of the reaction: ATP + a protein tyrosine = ADP + protein tyrosine phosphate."" [RHEA:10596]",148,9,3,20212,0.3333333333333333,0.02027027027027027,query_1,['GO:0004672']
GO:BP,GO:0006468,protein phosphorylation,0.0054861246500042095,True,"""The process of introducing a phosphate group on to a protein."" [GOC:hb]",1346,9,6,21031,0.6666666666666666,0.004457652303120356,query_1,"['GO:0016310', 'GO:0036211']"
KEGG,KEGG:04520,Adherens junction,0.005520421831549666,True,Adherens junction,93,9,3,8484,0.3333333333333333,0.03225806451612903,query_1,['KEGG:00000']
GO:BP,GO:0070848,response to growth factor,0.005569024549783963,True,"""Any process that results in a change in state or activity of a cell or an organism (in terms of movement, secretion, enzyme production, gene expression, etc.) as a result of a growth factor stimulus."" [GOC:BHF, GOC:mah]",711,9,5,21031,0.5555555555555556,0.007032348804500703,query_1,['GO:0009719']
GO:BP,GO:0048584,positive regulation of response to stimulus,0.005751035550817794,True,"""Any process that activates, maintains or increases the rate of a response to a stimulus. Response to stimulus is a change in state or activity of a cell or an organism (in terms of movement, secretion, enzyme production, gene expression, etc.) as a result of a stimulus."" [GOC:jid]",2274,9,7,21031,0.7777777777777778,0.0030782761653474055,query_1,"['GO:0048518', 'GO:0048583', 'GO:0050896']"
KEGG,KEGG:01522,Endocrine resistance,0.005882081744033317,True,Endocrine resistance,95,9,3,8484,0.3333333333333333,0.031578947368421054,query_1,['KEGG:00000']
GO:BP,GO:0001568,blood vessel development,0.005963288737280627,True,"""The process whose specific outcome is the progression of a blood vessel over time, from its formation to the mature structure. The blood vessel is the vasculature carrying blood."" [GOC:hjd, UBERON:0001981]",721,9,5,21031,0.5555555555555556,0.006934812760055479,query_1,"['GO:0001944', 'GO:0048856']"
GO:BP,GO:0048661,positive regulation of smooth muscle cell proliferation,0.005976211186049927,True,"""Any process that activates or increases the rate or extent of smooth muscle cell proliferation."" [CL:0000192, GOC:ebc]",85,9,3,21031,0.3333333333333333,0.03529411764705882,query_1,"['GO:0008284', 'GO:0048659', 'GO:0048660']"
WP,WP:WP2037,Prolactin signaling pathway,0.006141216007566438,True,Prolactin signaling pathway,74,9,3,8286,0.3333333333333333,0.04054054054054054,query_1,['WP:000000']
KEGG,KEGG:05231,Choline metabolism in cancer,0.006453130046746378,True,Choline metabolism in cancer,98,9,3,8484,0.3333333333333333,0.030612244897959183,query_1,['KEGG:00000']
GO:BP,GO:0038133,ERBB2-ERBB3 signaling pathway,0.006649337860953632,True,"""The series of molecular signals initiated by binding of a ligand to a ERBB3 receptor on the surface of a cell, followed by transmission of the signal by a heterodimeric complex of ERBB2 and ERBB3. ERBB2, which does not bind any known ligand, is activated through formation of a heterodimer with another ligand-activated ERBB family member such as ERBB3. ERBB3 also has impaired kinase activity and relies on ERBB2 for activation and signal transmission."" [GOC:signaling, PMID:16460914, Reactome:R-HSA-1963589]",9,9,2,21031,0.2222222222222222,0.2222222222222222,query_1,"['GO:0038128', 'GO:0038129']"
GO:CC,GO:0030662,coated vesicle membrane,0.007116320040538421,True,"""The lipid bilayer surrounding a coated vesicle."" [GOC:mah]",199,9,3,22097,0.3333333333333333,0.01507537688442211,query_1,"['GO:0030135', 'GO:0030659', 'GO:0098588']"
GO:CC,GO:0030666,endocytic vesicle membrane,0.007223212390522721,True,"""The lipid bilayer surrounding an endocytic vesicle."" [GOC:mah]",200,9,3,22097,0.3333333333333333,0.015,query_1,"['GO:0030139', 'GO:0030659', 'GO:0098588']"
GO:BP,GO:0001944,vasculature development,0.007327496935448569,True,"""The process whose specific outcome is the progression of the vasculature over time, from its formation to the mature structure. The vasculature is an interconnected tubular multi-tissue structure that contains fluid that is actively transported around the organism."" [GOC:dph, UBERON:0002409]",752,9,5,21031,0.5555555555555556,0.006648936170212766,query_1,"['GO:0048731', 'GO:0072359']"
REAC,REAC:R-HSA-9027276,Erythropoietin activates Phosphoinositide-3-kinase (PI3K),0.007604190262331279,True,Erythropoietin activates Phosphoinositide-3-kinase (PI3K),12,8,2,10842,0.25,0.16666666666666666,query_1,['REAC:R-HSA-9006335']
GO:CC,GO:0098590,plasma membrane region,0.007788708057875282,True,"""A membrane that is a (regional) part of the plasma membrane."" [GOC:dos]",1266,9,5,22097,0.5555555555555556,0.0039494470774091624,query_1,"['GO:0005886', 'GO:0016020']"
REAC,REAC:R-HSA-9006931,Signaling by Nuclear Receptors,0.00782625742984238,True,Signaling by Nuclear Receptors,290,8,4,10842,0.5,0.013793103448275862,query_1,['REAC:R-HSA-162582']
GO:BP,GO:0071495,cellular response to endogenous stimulus,0.00787257107437625,True,"""Any process that results in a change in state or activity of a cell (in terms of movement, secretion, enzyme production, gene expression, etc.) as a result of a stimulus arising within the organism."" [GOC:mah]",1432,9,6,21031,0.6666666666666666,0.004189944134078212,query_1,['GO:0009719']
GO:CC,GO:0030054,cell junction,0.008249923768642255,True,"""A cellular component that forms a specialized region of connection between two or more cells, or between a cell and the extracellular matrix, or between two membrane-bound components of a cell, such as flagella."" [GOC:aruk, GOC:bc, GOC:mah, http://www.vivo.colostate.edu/hbooks/cmb/cells/pmemb/junctions_a.html, ISBN:0198506732, PMID:26820516, PMID:28096264]",2230,9,6,22097,0.6666666666666666,0.0026905829596412557,query_1,['GO:0110165']
GO:BP,GO:0038129,ERBB3 signaling pathway,0.008309827732956722,True,"""The series of molecular signals initiated by binding of a ligand to the tyrosine kinase receptor ERBB3 on the surface of a cell, and ending with the regulation of a downstream cellular process, e.g. transcription. ERBB3 receptors have impaired kinase activity and rely on the kinase activity of the heterodimer partner for activation and signal transmission."" [GOC:jc, PMID:16460914, Reactome:R-HSA-1247497]",10,9,2,21031,0.2222222222222222,0.2,query_1,['GO:0038127']
GO:BP,GO:0038130,ERBB4 signaling pathway,0.008309827732956722,True,"""The series of molecular signals initiated by binding of a ligand to the tyrosine kinase receptor ERBB4 on the surface of a cell, and ending with the regulation of a downstream cellular process, e.g. transcription."" [GOC:jc, PMID:16460914, Reactome:R-HSA-1236394]",10,9,2,21031,0.2222222222222222,0.2,query_1,['GO:0038127']
GO:BP,GO:0051128,regulation of cellular component organization,0.0089003740047919,True,"""Any process that modulates the frequency, rate or extent of a process involved in the formation, arrangement of constituent parts, or disassembly of cell structures, including the plasma membrane and any external encapsulating structures such as the cell wall and cell envelope."" [GOC:ai]",2425,9,7,21031,0.7777777777777778,0.00288659793814433,query_1,"['GO:0016043', 'GO:0050794']"
GO:MF,GO:0140677,molecular function activator activity,0.008933384696790668,True,"""A molecular function regulator that activates or increases the activity of its target via non-covalent binding that does not result in covalent modification to the target."" [GOC:curators]",1124,9,5,20212,0.5555555555555556,0.004448398576512456,query_1,['GO:0098772']
GO:CC,GO:0030136,clathrin-coated vesicle,0.008955315342918688,True,"""A vesicle with a coat formed of clathrin connected to the membrane via one of the clathrin adaptor complexes."" [GOC:mah, PMID:11252894]",215,9,3,22097,0.3333333333333333,0.013953488372093023,query_1,['GO:0030135']
REAC,REAC:R-HSA-5654710,PI-3K cascade:FGFR3,0.008983453395876896,True,PI-3K cascade:FGFR3,13,8,2,10842,0.25,0.15384615384615385,query_1,['REAC:R-HSA-5654708']
WP,WP:WP2814,Mammary gland development pathway Puberty Stage 2 of 4 ,0.009033476821045869,True,Mammary gland development pathway Puberty Stage 2 of 4 ,13,9,2,8286,0.2222222222222222,0.15384615384615385,query_1,['WP:000000']
GO:BP,GO:0048522,positive regulation of cellular process,0.009168518008420555,True,"""Any process that activates or increases the frequency, rate or extent of a cellular process, any of those that are carried out at the cellular level, but are not necessarily restricted to a single cell. For example, cell communication occurs among more than one cell, but occurs at the cellular level."" [GOC:jid]",5717,9,9,21031,1.0,0.0015742522301906594,query_1,"['GO:0009987', 'GO:0048518', 'GO:0050794']"
KEGG,KEGG:05206,MicroRNAs in cancer,0.01029561997746855,True,MicroRNAs in cancer,310,9,4,8484,0.4444444444444444,0.012903225806451613,query_1,['KEGG:00000']
GO:BP,GO:0050678,regulation of epithelial cell proliferation,0.011672547946798003,True,"""Any process that modulates the frequency, rate or extent of epithelial cell proliferation."" [GOC:ai]",363,9,4,21031,0.4444444444444444,0.011019283746556474,query_1,"['GO:0042127', 'GO:0050673']"
GO:BP,GO:1905477,positive regulation of protein localization to membrane,0.011953062741899266,True,"""Any process that activates or increases the frequency, rate or extent of protein localization to membrane."" [GO_REF:0000058, GOC:bc, GOC:PARL, GOC:TermGenie, PMID:26911690]",107,9,3,21031,0.3333333333333333,0.028037383177570093,query_1,"['GO:0072657', 'GO:1903829', 'GO:1905475']"
GO:BP,GO:0051347,positive regulation of transferase activity,0.01205790904918186,True,"""Any process that activates or increases the frequency, rate or extent of transferase activity, the catalysis of the transfer of a group, e.g. a methyl group, glycosyl group, acyl group, phosphorus-containing, or other groups, from a donor compound to an acceptor."" [GOC:ai]",366,9,4,21031,0.4444444444444444,0.01092896174863388,query_1,"['GO:0043085', 'GO:0051338']"
REAC,REAC:R-HSA-8866910,TFAP2 (AP-2) family regulates transcription of growth factors and their receptors,0.012084184823401163,True,TFAP2 (AP-2) family regulates transcription of growth factors and their receptors,15,8,2,10842,0.25,0.13333333333333333,query_1,['REAC:R-HSA-8864260']
REAC,REAC:R-HSA-5654689,PI-3K cascade:FGFR1,0.012084184823401163,True,PI-3K cascade:FGFR1,15,8,2,10842,0.25,0.13333333333333333,query_1,['REAC:R-HSA-5654687']
WP,WP:WP3853,ERK pathway in Huntington 39 s disease,0.012146749471423074,True,ERK pathway in Huntington 39 s disease,15,9,2,8286,0.2222222222222222,0.13333333333333333,query_1,['WP:000000']
GO:BP,GO:0048856,anatomical structure development,0.012158372222181375,True,"""The biological process whose specific outcome is the progression of an anatomical structure from an initial condition to its mature state. This process begins with the formation of the structure and ends with the mature structure, whatever form that may be including its natural destruction. An anatomical structure is any biological entity that occupies space and is distinguished from its surroundings. Anatomical structures can be macroscopic such as a carpel, or microscopic such as an acrosome."" [GO_REF:0000021]",5899,9,9,21031,1.0,0.0015256823190371248,query_1,['GO:0032502']
GO:MF,GO:0004672,protein kinase activity,0.012737861623312407,True,"""Catalysis of the phosphorylation of an amino acid residue in a protein, usually according to the reaction: a protein + ATP = a phosphoprotein + ADP."" [PMID:25399640]",586,9,4,20212,0.4444444444444444,0.006825938566552901,query_1,"['GO:0016301', 'GO:0016773', 'GO:0140096']"
GO:BP,GO:0009967,positive regulation of signal transduction,0.013001045594936594,True,"""Any process that activates or increases the frequency, rate or extent of signal transduction."" [GOC:sm]",1561,9,6,21031,0.6666666666666666,0.003843689942344651,query_1,"['GO:0007165', 'GO:0009966', 'GO:0010647', 'GO:0023056', 'GO:0048584']"
GO:CC,GO:0016323,basolateral plasma membrane,0.013677239143061928,True,"""The region of the plasma membrane that includes the basal end and sides of the cell. Often used in reference to animal polarized epithelial membranes, where the basal membrane is the part attached to the extracellular matrix, or in plant cells, where the basal membrane is defined with respect to the zygotic axis."" [GOC:go_curators]",248,9,3,22097,0.3333333333333333,0.012096774193548387,query_1,"['GO:0009925', 'GO:0098590']"
GO:BP,GO:0016310,phosphorylation,0.013895788738806146,True,"""The process of introducing a phosphate group into a molecule, usually with the formation of a phosphoric ester, a phosphoric anhydride or a phosphoric amide."" [ISBN:0198506732]",1579,9,6,21031,0.6666666666666666,0.0037998733375554147,query_1,['GO:0006796']
KEGG,KEGG:04068,FoxO signaling pathway,0.015263343803282245,True,FoxO signaling pathway,131,9,3,8484,0.3333333333333333,0.022900763358778626,query_1,['KEGG:00000']
HP,HP:0012126,Stomach cancer,0.015325183474332866,True,A cancer arising in any part of the stomach.,33,8,3,4958,0.375,0.09090909090909091,query_1,['HP:0006753']
REAC,REAC:R-HSA-5654720,PI-3K cascade:FGFR4,0.015640343866108474,True,PI-3K cascade:FGFR4,17,8,2,10842,0.25,0.11764705882352941,query_1,['REAC:R-HSA-5654716']
REAC,REAC:R-HSA-5655332,Signaling by FGFR3 in disease,0.015640343866108474,True,Signaling by FGFR3 in disease,17,8,2,10842,0.25,0.11764705882352941,query_1,['REAC:R-HSA-1226099']
GO:BP,GO:0043066,negative regulation of apoptotic process,0.015865161716737793,True,"""Any process that stops, prevents, or reduces the frequency, rate or extent of cell death by apoptotic process."" [GOC:jl, GOC:mtg_apoptosis]",881,9,5,21031,0.5555555555555556,0.0056753688989784334,query_1,"['GO:0006915', 'GO:0042981', 'GO:0043069']"
GO:BP,GO:0032880,regulation of protein localization,0.016578658237901972,True,"""Any process that modulates the frequency, rate or extent of any process in which a protein is transported to, or maintained in, a specific location."" [GOC:dph, GOC:mah, GOC:tb]",889,9,5,21031,0.5555555555555556,0.00562429696287964,query_1,"['GO:0008104', 'GO:0060341']"
GO:MF,GO:0005154,epidermal growth factor receptor binding,0.01689512939386636,True,"""Binding to an epidermal growth factor receptor."" [GOC:ai]",35,9,2,20212,0.2222222222222222,0.05714285714285714,query_1,['GO:0070851']
GO:BP,GO:0051240,positive regulation of multicellular organismal process,0.017129442347316736,True,"""Any process that activates or increases the frequency, rate or extent of an organismal process, any of the processes pertinent to the function of an organism above the cellular level; includes the integrated processes of tissues and organs."" [GOC:ai]",1637,9,6,21031,0.6666666666666666,0.0036652412950519244,query_1,"['GO:0032501', 'GO:0048518', 'GO:0051239']"
GO:CC,GO:0005886,plasma membrane,0.01757495794541538,True,"""The membrane surrounding a cell that separates the cell from its external environment. It consists of a phospholipid bilayer and associated proteins."" [ISBN:0716731363]",5742,9,8,22097,0.8888888888888888,0.0013932427725531174,query_1,"['GO:0016020', 'GO:0071944']"
REAC,REAC:R-HSA-5654695,PI-3K cascade:FGFR2,0.017588891848687612,True,PI-3K cascade:FGFR2,18,8,2,10842,0.25,0.1111111111111111,query_1,['REAC:R-HSA-5654696']
REAC,REAC:R-HSA-5654708,Downstream signaling of activated FGFR3,0.017588891848687612,True,Downstream signaling of activated FGFR3,18,8,2,10842,0.25,0.1111111111111111,query_1,['REAC:R-HSA-5654741']
GO:BP,GO:0009653,anatomical structure morphogenesis,0.017693576206184617,True,"""The process in which anatomical structures are generated and organized. Morphogenesis pertains to the creation of form."" [GOC:go_curators, ISBN:0521436125]",2684,9,7,21031,0.7777777777777778,0.0026080476900149033,query_1,"['GO:0032502', 'GO:0048856']"
GO:MF,GO:0030234,enzyme regulator activity,0.017693667180212865,True,"""Binds to and modulates the activity of an enzyme."" [GOC:dph, GOC:mah, GOC:tb]",1296,9,5,20212,0.5555555555555556,0.0038580246913580245,query_1,['GO:0098772']
GO:BP,GO:0043069,negative regulation of programmed cell death,0.018276525840435036,True,"""Any process that stops, prevents, or reduces the frequency, rate or extent of programmed cell death, cell death resulting from activation of endogenous cellular processes."" [GOC:jl]",907,9,5,21031,0.5555555555555556,0.005512679162072767,query_1,"['GO:0012501', 'GO:0043067', 'GO:0048523']"
GO:BP,GO:0001932,regulation of protein phosphorylation,0.018572334019956994,True,"""Any process that modulates the frequency, rate or extent of addition of phosphate groups into an amino acid in a protein."" [GOC:hjd]",910,9,5,21031,0.5555555555555556,0.005494505494505495,query_1,"['GO:0006468', 'GO:0031399', 'GO:0042325']"
GO:BP,GO:0043405,regulation of MAP kinase activity,0.01860812201944375,True,"""Any process that modulates the frequency, rate or extent of MAP kinase activity."" [GOC:dph, GOC:go_curators]",124,9,3,21031,0.3333333333333333,0.024193548387096774,query_1,['GO:0071900']
GO:BP,GO:1901700,response to oxygen-containing compound,0.018766855003501125,True,"""Any process that results in a change in state or activity of a cell or an organism (in terms of movement, secretion, enzyme production, gene expression, etc.) as a result of an oxygen-containing compound stimulus."" [GOC:pr, GOC:TermGenie]",1663,9,6,21031,0.6666666666666666,0.0036079374624173183,query_1,['GO:0042221']
REAC,REAC:R-HSA-8876384,Listeria monocytogenes entry into host cells,0.019650916637608484,True,Listeria monocytogenes entry into host cells,19,8,2,10842,0.25,0.10526315789473684,query_1,['REAC:R-HSA-9824439']
GO:CC,GO:0009925,basal plasma membrane,0.019790042898078775,True,"""The region of the plasma membrane located at the basal end of the cell. Often used in reference to animal polarized epithelial membranes, where the basal membrane is the part attached to the extracellular matrix, or in plant cells, where the basal membrane is defined with respect to the zygotic axis."" [GOC:go_curators]",281,9,3,22097,0.3333333333333333,0.010676156583629894,query_1,"['GO:0045178', 'GO:0098590']"
GO:BP,GO:0042127,regulation of cell population proliferation,0.020111907809906016,True,"""Any process that modulates the frequency, rate or extent of cell proliferation."" [GOC:jl]",1683,9,6,21031,0.6666666666666666,0.0035650623885918,query_1,"['GO:0008283', 'GO:0050794']"
GO:BP,GO:0048518,positive regulation of biological process,0.02046157265471749,True,"""Any process that activates or increases the frequency, rate or extent of a biological process. Biological processes are regulated by many means; examples include the control of gene expression, protein modification or interaction with a protein or substrate molecule."" [GOC:jid]",6250,9,9,21031,1.0,0.00144,query_1,"['GO:0008150', 'GO:0050789']"
WP,WP:WP5322,CKAP4 signaling pathway map,0.02059350828984257,True,CKAP4 signaling pathway map,111,9,3,8286,0.3333333333333333,0.02702702702702703,query_1,['WP:000000']
GO:CC,GO:0045121,membrane raft,0.02149998705016417,True,"""Any of the small (10-200 nm), heterogeneous, highly dynamic, sterol- and sphingolipid-enriched membrane domains that compartmentalize cellular processes. Small rafts can sometimes be stabilized to form larger platforms through protein-protein and protein-lipid interactions."" [PMID:16645198, PMID:20044567]",289,9,3,22097,0.3333333333333333,0.010380622837370242,query_1,['GO:0098857']
GO:BP,GO:0040007,growth,0.02163067514434239,True,"""The increase in size or mass of an entire organism, a part of an organism or a cell."" [GOC:bf, GOC:ma]",939,9,5,21031,0.5555555555555556,0.005324813631522897,query_1,['GO:0008150']
GO:CC,GO:0098857,membrane microdomain,0.021720272236078104,True,"""A membrane region with a lipid composition that is distinct from that of the membrane regions that surround it."" [PMID:20044567, PMID:26253820]",290,9,3,22097,0.3333333333333333,0.010344827586206896,query_1,['GO:0016020']
GO:BP,GO:0042060,wound healing,0.021725105670223465,True,"""The series of events that restore integrity to a damaged tissue, following an injury."" [GOC:bf, PMID:15269788]",425,9,4,21031,0.4444444444444444,0.009411764705882352,query_1,['GO:0009611']
WP,WP:WP4659,Gastrin signaling pathway,0.02228829375557743,True,Gastrin signaling pathway,114,9,3,8286,0.3333333333333333,0.02631578947368421,query_1,['WP:000000']
GO:BP,GO:0021782,glial cell development,0.0224418525788255,True,"""The process aimed at the progression of a glial cell over time, from initial commitment of the cell to a specific fate, to the fully functional differentiated cell."" [GO_REF:0000021, GOC:cls, GOC:dgh, GOC:dph, GOC:jid]",132,9,3,21031,0.3333333333333333,0.022727272727272728,query_1,"['GO:0010001', 'GO:0048468']"
WP,WP:WP3931,Embryonic stem cell pluripotency pathways,0.023467185229681733,True,Embryonic stem cell pluripotency pathways,116,9,3,8286,0.3333333333333333,0.02586206896551724,query_1,['WP:000000']
GO:CC,GO:0045178,basal part of cell,0.024004639120255262,True,"""The region of a cell situated near the base. For example, in a polarized epithelial cell, the basal surface rests on the basal lamina that separates the epithelium from other tissue."" [GOC:mah, ISBN:0815316194]",300,9,3,22097,0.3333333333333333,0.01,query_1,['GO:0110165']
REAC,REAC:R-HSA-912631,Regulation of signaling by CBL,0.024114890658355908,True,Regulation of signaling by CBL,21,8,2,10842,0.25,0.09523809523809523,query_1,['REAC:R-HSA-512988']
REAC,REAC:R-HSA-9006115,Signaling by NTRK2 (TRKB),0.024114890658355908,True,Signaling by NTRK2 (TRKB),21,8,2,10842,0.25,0.09523809523809523,query_1,['REAC:R-HSA-166520']
WP,WP:WP4300,Extracellular vesicles in the crosstalk of cardiac cells,0.02421147696837115,True,Extracellular vesicles in the crosstalk of cardiac cells,21,9,2,8286,0.2222222222222222,0.09523809523809523,query_1,['WP:000000']
GO:BP,GO:0010243,response to organonitrogen compound,0.02457340876106967,True,"""Any process that results in a change in state or activity of a cell or an organism (in terms of movement, secretion, enzyme production, gene expression, etc.) as a result of an organonitrogen stimulus. An organonitrogen compound is formally a compound containing at least one carbon-nitrogen bond."" [PMID:9869419]",964,9,5,21031,0.5555555555555556,0.005186721991701245,query_1,"['GO:0010033', 'GO:1901698']"
GO:BP,GO:0042325,regulation of phosphorylation,0.024821760231624506,True,"""Any process that modulates the frequency, rate or extent of addition of phosphate groups into a molecule."" [GOC:jl]",966,9,5,21031,0.5555555555555556,0.005175983436853002,query_1,"['GO:0016310', 'GO:0019220']"
GO:MF,GO:0016773,"phosphotransferase activity, alcohol group as acceptor",0.02496902909445599,True,"""Catalysis of the transfer of a phosphorus-containing group from one compound (donor) to an alcohol group (acceptor)."" [GOC:jl]",697,9,4,20212,0.4444444444444444,0.005738880918220947,query_1,['GO:0016772']
GO:BP,GO:0050673,epithelial cell proliferation,0.025121414100489195,True,"""The multiplication or reproduction of epithelial cells, resulting in the expansion of a cell population. Epithelial cells make up the epithelium, the covering of internal and external surfaces of the body, including the lining of vessels and other small cavities. It consists of cells joined by small amounts of cementing substances."" [ISBN:0721662544]",441,9,4,21031,0.4444444444444444,0.009070294784580499,query_1,['GO:0008283']
GO:BP,GO:0048660,regulation of smooth muscle cell proliferation,0.026195813876348676,True,"""Any process that modulates the frequency, rate or extent of smooth muscle cell proliferation."" [CL:0000192, GOC:ebc]",139,9,3,21031,0.3333333333333333,0.02158273381294964,query_1,"['GO:0042127', 'GO:0048659']"
GO:MF,GO:0019901,protein kinase binding,0.02623888356180283,True,"""Binding to a protein kinase, any enzyme that catalyzes the transfer of a phosphate group, usually from ATP, to a protein substrate."" [GOC:jl]",706,9,4,20212,0.4444444444444444,0.0056657223796034,query_1,['GO:0019900']
KEGG,KEGG:05160,Hepatitis C,0.02650035467352437,True,Hepatitis C,158,9,3,8484,0.3333333333333333,0.0189873417721519,query_1,['KEGG:00000']
REAC,REAC:R-HSA-5654716,Downstream signaling of activated FGFR4,0.026516587121682266,True,Downstream signaling of activated FGFR4,22,8,2,10842,0.25,0.09090909090909091,query_1,['REAC:R-HSA-5654743']
REAC,REAC:R-HSA-5654687,Downstream signaling of activated FGFR1,0.026516587121682266,True,Downstream signaling of activated FGFR1,22,8,2,10842,0.25,0.09090909090909091,query_1,['REAC:R-HSA-5654736']
GO:BP,GO:1902531,regulation of intracellular signal transduction,0.026567472524310822,True,"""Any process that modulates the frequency, rate or extent of intracellular signal transduction."" [GOC:dph, GOC:signaling, GOC:tb, GOC:TermGenie]",1766,9,6,21031,0.6666666666666666,0.0033975084937712344,query_1,"['GO:0009966', 'GO:0035556']"
GO:CC,GO:0030135,coated vesicle,0.026946001777870862,True,"""Small membrane-bounded organelle formed by pinching off of a coated region of membrane. Some coats are made of clathrin, whereas others are made from other proteins."" [ISBN:0815316194]",312,9,3,22097,0.3333333333333333,0.009615384615384616,query_1,['GO:0031410']
GO:BP,GO:0023052,signaling,0.027059165147953312,True,"""The entirety of a process in which information is transmitted within a biological system. This process begins with an active signal and ends when a cellular response has been triggered."" [GOC:mtg_signal, GOC:mtg_signaling_feb11, GOC:signaling]",6447,9,9,21031,1.0,0.0013959981386691485,query_1,['GO:0050789']
GO:BP,GO:0032502,developmental process,0.02728679977609528,True,"""A biological process whose specific outcome is the progression of an integrated living unit: an anatomical structure (which may be a subcellular structure, cell, tissue, or organ), or organism over time from an initial condition to a later condition."" [GOC:isa_complete]",6453,9,9,21031,1.0,0.001394700139470014,query_1,['GO:0008150']
GO:BP,GO:0045859,regulation of protein kinase activity,0.027434034671119732,True,"""Any process that modulates the frequency, rate or extent of protein kinase activity."" [GOC:go_curators]",451,9,4,21031,0.4444444444444444,0.008869179600886918,query_1,"['GO:0001932', 'GO:0043549']"
GO:BP,GO:0010647,positive regulation of cell communication,0.027537599909053075,True,"""Any process that increases the frequency, rate or extent of cell communication. Cell communication is the process that mediates interactions between a cell and its surroundings. Encompasses interactions such as signaling or attachment between one cell and another cell, between a cell and an extracellular matrix, or between a cell and any other aspect of its environment."" [GOC:dph, GOC:tb]",1777,9,6,21031,0.6666666666666666,0.0033764772087788407,query_1,"['GO:0007154', 'GO:0010646', 'GO:0048522']"
GO:BP,GO:0023056,positive regulation of signaling,0.02762721284724281,True,"""Any process that activates, maintains or increases the frequency, rate or extent of a signaling process."" [GOC:mtg_signal]",1778,9,6,21031,0.6666666666666666,0.003374578177727784,query_1,"['GO:0023051', 'GO:0023052', 'GO:0048518']"
GO:BP,GO:0048732,gland development,0.028157486080226606,True,"""The process whose specific outcome is the progression of a gland over time, from its formation to the mature structure. A gland is an organ specialised for secretion."" [GOC:jid]",454,9,4,21031,0.4444444444444444,0.00881057268722467,query_1,['GO:0048513']
GO:BP,GO:0048659,smooth muscle cell proliferation,0.028515955356002754,True,"""The multiplication or reproduction of smooth muscle cells, resulting in the expansion of a cell population."" [CL:0000192, GOC:ebc, PMID:1840698]",143,9,3,21031,0.3333333333333333,0.02097902097902098,query_1,['GO:0033002']
KEGG,KEGG:04630,JAK-STAT signaling pathway,0.02851679796436802,True,JAK-STAT signaling pathway,162,9,3,8484,0.3333333333333333,0.018518518518518517,query_1,['KEGG:00000']
GO:BP,GO:0060341,regulation of cellular localization,0.028649971802004053,True,"""Any process that modulates the frequency, rate or extent of a process in which a cell, a substance, or a cellular entity is transported to, or maintained in a specific location within or in the membrane of a cell."" [GOC:dph, GOC:tb]",995,9,5,21031,0.5555555555555556,0.005025125628140704,query_1,"['GO:0032879', 'GO:0050794', 'GO:0051641']"
REAC,REAC:R-HSA-5654696,Downstream signaling of activated FGFR2,0.02903125485426327,True,Downstream signaling of activated FGFR2,23,8,2,10842,0.25,0.08695652173913043,query_1,['REAC:R-HSA-5654738']
REAC,REAC:R-HSA-9006335,Signaling by Erythropoietin,0.02903125485426327,True,Signaling by Erythropoietin,23,8,2,10842,0.25,0.08695652173913043,query_1,['REAC:R-HSA-162582']
KEGG,KEGG:05225,Hepatocellular carcinoma,0.030629865294611987,True,Hepatocellular carcinoma,166,9,3,8484,0.3333333333333333,0.018072289156626505,query_1,['KEGG:00000']
GO:BP,GO:0007154,cell communication,0.03065738751230842,True,"""Any process that mediates interactions between a cell and its surroundings. Encompasses interactions such as signaling or attachment between one cell and another cell, between a cell and an extracellular matrix, or between a cell and any other aspect of its environment."" [GOC:mah]",6537,9,9,21031,1.0,0.0013767783386874712,query_1,['GO:0009987']
GO:BP,GO:0071902,positive regulation of protein serine/threonine kinase activity,0.03224409322085265,True,"""Any process that increases the rate, frequency, or extent of protein serine/threonine kinase activity."" [GOC:mah]",149,9,3,21031,0.3333333333333333,0.020134228187919462,query_1,"['GO:0045860', 'GO:0071900']"
GO:CC,GO:0071944,cell periphery,0.03282153781554375,True,"""The broad region around and including the plasma membrane of a cell, encompassing the cell cortex (inside the cell), the plasma membrane, and any external encapsulating structures."" [GOC:pdt]",6228,9,8,22097,0.8888888888888888,0.0012845215157353885,query_1,['GO:0110165']
REAC,REAC:R-HSA-9013507,NOTCH3 Activation and Transmission of Signal to the Nucleus,0.0343989995553144,True,NOTCH3 Activation and Transmission of Signal to the Nucleus,25,8,2,10842,0.25,0.08,query_1,['REAC:R-HSA-9012852']
WP,WP:WP4483,Relationship between inflammation COX 2 and EGFR,0.034509920279803895,True,Relationship between inflammation COX 2 and EGFR,25,9,2,8286,0.2222222222222222,0.08,query_1,['WP:000000']
MIRNA,MIRNA:hsa-miR-199a-5p,hsa-miR-199a-5p,0.034921798690886935,True,hsa-miR-199a-5p,166,9,3,14819,0.3333333333333333,0.018072289156626505,query_1,['MIRNA:000000']
GO:BP,GO:0043549,regulation of kinase activity,0.03589827996088822,True,"""Any process that modulates the frequency, rate or extent of kinase activity, the catalysis of the transfer of a phosphate group, usually from ATP, to a substrate molecule."" [GOC:bf]",483,9,4,21031,0.4444444444444444,0.008281573498964804,query_1,"['GO:0042325', 'GO:0051338']"
GO:BP,GO:0141124,intracellular signaling cassette,0.035945535553616834,True,"""An intracellular signaling module that is part of larger signaling pathways that can be initiated either intracellularly or by cell surface receptors. Intracellular signaling cassettes are discrete signaling units that are often shared by multiple signaling pathways."" [GOC:ha, GOC:pg]",1861,9,6,21031,0.6666666666666666,0.0032240730789897904,query_1,['GO:0035556']
GO:CC,GO:0030139,endocytic vesicle,0.036529306066545135,True,"""A membrane-bounded intracellular vesicle formed by invagination of the plasma membrane around an extracellular substance. Endocytic vesicles fuse with early endosomes to deliver the cargo for further sorting."" [GOC:go_curators, PMID:19696797]",346,9,3,22097,0.3333333333333333,0.008670520231213872,query_1,['GO:0031410']
GO:BP,GO:1901698,response to nitrogen compound,0.03891882433800445,True,"""Any process that results in a change in state or activity of a cell or an organism (in terms of movement, secretion, enzyme production, gene expression, etc.) as a result of a nitrogen compound stimulus."" [GOC:pr, GOC:TermGenie]",1060,9,5,21031,0.5555555555555556,0.0047169811320754715,query_1,['GO:0042221']
GO:MF,GO:0016301,kinase activity,0.039890509633057084,True,"""Catalysis of the transfer of a phosphate group, usually from ATP, to a substrate molecule."" [ISBN:0198506732]",787,9,4,20212,0.4444444444444444,0.005082592121982211,query_1,['GO:0016772']
GO:BP,GO:0036211,protein modification process,0.040144918577143876,True,"""The covalent alteration of one or more amino acids occurring in proteins, peptides and nascent polypeptides (co-translational, post-translational modifications). Includes the modification of charged tRNAs that are destined to occur in a protein (pre-translation modification)."" [GOC:bf, GOC:jl]",3031,9,7,21031,0.7777777777777778,0.0023094688221709007,query_1,"['GO:0019538', 'GO:0043412']"
REAC,REAC:R-HSA-9682385,FLT3 signaling in disease,0.040217116494179125,True,FLT3 signaling in disease,27,8,2,10842,0.25,0.07407407407407407,query_1,['REAC:R-HSA-5663202']
GO:MF,GO:0019900,kinase binding,0.040478734891643366,True,"""Binding to a kinase, any enzyme that catalyzes the transfer of a phosphate group."" [GOC:jl]",790,9,4,20212,0.4444444444444444,0.005063291139240506,query_1,['GO:0019899']
HP,HP:0100728,Germ cell neoplasia,0.042219351216659,True,Germ cell neoplasia,46,8,3,4958,0.375,0.06521739130434782,query_1,['HP:0010785']
WP,WP:WP51,Regulation of actin cytoskeleton,0.04912662225406864,True,Regulation of actin cytoskeleton,149,9,3,8286,0.3333333333333333,0.020134228187919462,query_1,['WP:000000']
REAC,REAC:R-HSA-9680350,Signaling by CSF1 (M-CSF) in myeloid cells,0.049786537711765846,True,Signaling by CSF1 (M-CSF) in myeloid cells,30,8,2,10842,0.25,0.06666666666666667,query_1,['REAC:R-HSA-1280215']
WP,WP:WP2870,Extracellular vesicle mediated signaling in recipient cells,0.04989852880056999,True,Extracellular vesicle mediated signaling in recipient cells,30,9,2,8286,0.2222222222222222,0.06666666666666667,query_1,['WP:000000']
GO:CC,GO:0097489,"multivesicular body, internal vesicle lumen",0.049913616168276546,True,"""The volume enclosed by the membrane of the multivesicular body internal vesicle."" [GOC:pde, PMID:21183070]",1,9,1,22097,0.1111111111111111,1.0,query_1,"['GO:0031983', 'GO:0070013', 'GO:0097487']"
